{
    "movie_id": "tt35231159",
    "genres": [
        "Comedy",
        "Drama",
        "Romance"
    ],
    "type": "long",
    "chunk_id": "tt35231159-lon-1",
    "text": "Kofi Kompaore, an African prince and university professor, has spent years building a new life in Moldova, far from the political turmoil of his homeland. He is engaged to Natasha, a local woman, and despite facing cultural differences, he has managed to integrate into society. However, his world collapses overnight when a coup in his native country leads to chaos, and in his attempt to help his family flee to Europe, he is falsely accused of human trafficking.Arrested and placed under house arrest, Kofi is confined to the home of his fiancee's parents in the rural village of Bubuieci. But instead of finding a safe haven, he becomes an unwelcome guest in a house filled with hostility and prejudice. Natasha's parents never approved of their daughter's relationship with a foreigner-especially one of African descent-and now, with the accusation hanging over him, they see him as nothing more than a criminal.As Kofi fights to prove his innocence, he must also navigate the tense, absurd, and often comical dynamics of his forced cohabitation. He is subjected to passive-aggressive remarks, suspicion, and cultural misunderstandings, all while trying to survive in a place where even the simplest interactions feel like a battle. Moldova's rigid bureaucracy and deep-seated corruption only make his situation worse, turning his legal struggle into an uphill battle against a system that favors power over justice.Despite the heavy themes, The Prince finds humor in the everyday clashes of tradition and modernity, of suspicion and understanding. Small moments of connection begin to emerge-unexpected gestures, shared laughter, and hesitant conversations that challenge deeply ingrained biases. Kofi's presence forces his in-laws to confront their own prejudices, while he, in turn, learns to navigate their world with patience and resilience.Through tension, absurdity, and unlikely friendships, The Prince is ultimately a story of survival, identity, and human connection. It is a film that explores the intersection of cultures, the challenges of acceptance, and the power of love in overcoming the walls that divide us. With its blend of drama and humor, the film offers a fresh perspective on the migrant experience, inviting audiences to reflect on tolerance, justice, and the unpredictable nature of human relationships.",
    "vector": [
        -0.651634931564331,
        0.5419690012931824,
        0.34650513529777527,
        0.23721083998680115,
        0.20745600759983063,
        -0.12656056880950928,
        1.1829982995986938,
        -0.4336184561252594,
        0.3872936964035034,
        0.036208346486091614,
        -0.34505748748779297,
        -0.20701196789741516,
        0.6835549473762512,
        0.7739182114601135,
        -1.2736704349517822,
        0.17432844638824463,
        -0.16718851029872894,
        0.08185650408267975,
        0.22050301730632782,
        -0.13912808895111084,
        -0.44191765785217285,
        -0.13060009479522705,
        -0.11588435620069504,
        1.0339568853378296,
        1.1740039587020874,
        0.8006211519241333,
        -0.1523834466934204,
        -0.5638435482978821,
        -1.2988297939300537,
        0.5216594934463501,
        -0.3175569772720337,
        0.6529145240783691,
        -0.06609662622213364,
        -0.2690103054046631,
        -0.23178842663764954,
        0.5738030672073364,
        0.32653287053108215,
        0.4757785499095917,
        0.22779561579227448,
        -0.16169148683547974,
        -0.41185998916625977,
        0.15510575473308563,
        -0.15612313151359558,
        -0.41009360551834106,
        -0.8756186962127686,
        -0.3097577691078186,
        0.68489670753479,
        0.7444669604301453,
        0.8354529142379761,
        -1.260564923286438,
        0.3780719041824341,
        0.20799000561237335,
        1.7636351585388184,
        -0.43782055377960205,
        -0.18339651823043823,
        -0.7329816222190857,
        -0.2635203003883362,
        -0.7137384414672852,
        -0.2561568319797516,
        -0.4455896019935608,
        -0.5001304149627686,
        0.6921100616455078,
        -0.3403383493423462,
        -0.17756402492523193,
        -0.7553142309188843,
        0.05748525261878967,
        -0.09031788259744644,
        -0.1287909299135208,
        -0.5553193688392639,
        -1.1302220821380615,
        -0.26621830463409424,
        -0.37480083107948303,
        -0.930288553237915,
        -0.29971566796302795,
        0.8067761659622192,
        -0.341217964887619,
        -0.38667717576026917,
        0.14573392271995544,
        1.1447932720184326,
        -0.003944367170333862,
        -0.0685037299990654,
        -0.6334660649299622,
        -0.5673609972000122,
        -0.8750991821289062,
        0.7311006784439087,
        -0.24315910041332245,
        0.4409574270248413,
        -0.35223472118377686,
        -0.7053407430648804,
        -0.18123558163642883,
        0.5285677313804626,
        -0.2493106722831726,
        0.4893113374710083,
        -0.12012599408626556,
        -1.0459842681884766,
        -0.5158831477165222,
        0.6538217663764954,
        0.0533178448677063,
        -0.2019730806350708,
        0.4554003179073334,
        -0.32501405477523804,
        -0.10468842089176178,
        -0.7646660804748535,
        0.45850157737731934,
        -0.15846699476242065,
        0.03726716339588165,
        -0.11117224395275116,
        -0.3262386620044708,
        -1.0706745386123657,
        -0.08673202991485596,
        0.7083907127380371,
        -0.6248833537101746,
        -0.5192137956619263,
        -0.33649736642837524,
        -0.036664385348558426,
        -0.3616015315055847,
        -0.1927017718553543,
        1.1538069248199463,
        0.5857140421867371,
        0.21585819125175476,
        0.33940860629081726,
        -0.8629019260406494,
        -0.44982248544692993,
        0.07384184002876282,
        0.4831045866012573,
        0.1374034285545349,
        0.420141339302063,
        0.5214719176292419,
        -0.9944169521331787,
        -0.14749494194984436,
        0.7473534345626831,
        0.21208007633686066,
        0.09939349442720413,
        0.27222898602485657,
        0.149229496717453,
        0.4637986421585083,
        0.7072887420654297,
        -0.8071920275688171,
        0.5239236950874329,
        -0.6808965802192688,
        0.18869084119796753,
        -0.10253766179084778,
        0.40326860547065735,
        -0.39915186166763306,
        -0.7635238766670227,
        0.2682969570159912,
        0.18033860623836517,
        -0.679969310760498,
        0.5709716081619263,
        -0.5802750587463379,
        0.052398890256881714,
        -0.18917599320411682,
        -0.5205917358398438,
        0.3943229913711548,
        -0.13765588402748108,
        -0.08712268620729446,
        -0.22541749477386475,
        -0.29223132133483887,
        -0.2336832582950592,
        0.018869206309318542,
        -0.1077878475189209,
        0.7334010004997253,
        -0.07216880470514297,
        0.6880486011505127,
        0.5446178913116455,
        -0.4901694059371948,
        0.1850706934928894,
        -0.54224693775177,
        -0.3777022361755371,
        -0.17937739193439484,
        -0.7324396371841431,
        1.6315897703170776,
        1.7040390968322754,
        -0.6972826719284058,
        0.4470672011375427,
        0.5020989179611206,
        -0.16349592804908752,
        -0.7514655590057373,
        -0.45868605375289917,
        -0.10948672145605087,
        -0.34193745255470276,
        0.21185338497161865,
        -1.548799991607666,
        1.4072206020355225,
        0.2765924036502838,
        -0.22593554854393005,
        0.3028339445590973,
        -0.21103668212890625,
        0.42059823870658875,
        0.026140831410884857,
        -0.0020518675446510315,
        0.4622707664966583,
        0.021810069680213928,
        -0.4389350116252899,
        -0.8337453603744507,
        -0.08036939799785614,
        0.017616380006074905,
        0.5891666412353516,
        0.1761319786310196,
        0.10450451821088791,
        -1.1237977743148804,
        0.3064490258693695,
        -0.5808886885643005,
        -0.06036628037691116,
        -0.14719551801681519,
        0.30187827348709106,
        0.4097346365451813,
        0.2553252875804901,
        -0.9849824905395508,
        -0.2501037120819092,
        -0.43440067768096924,
        0.15855464339256287,
        1.0278050899505615,
        0.14371176064014435,
        0.6285215616226196,
        -0.17263706028461456,
        0.03972610831260681,
        -0.5755303502082825,
        0.7443026900291443,
        0.2765492796897888,
        -0.07977113872766495,
        -0.05268780514597893,
        -0.9606934785842896,
        0.25566375255584717,
        -0.1462446004152298,
        0.5567225813865662,
        0.33002376556396484,
        -1.0097312927246094,
        -0.5229073166847229,
        1.147640347480774,
        -0.23861156404018402,
        0.12555517256259918,
        -0.5766294002532959,
        0.05397554486989975,
        -0.16650313138961792,
        0.22148653864860535,
        -0.9523100256919861,
        0.2847788631916046,
        0.802523672580719,
        -0.20873074233531952,
        0.6120060682296753,
        0.02474053204059601,
        1.0223528146743774,
        0.3241960108280182,
        -0.006654680706560612,
        0.2297268658876419,
        -0.19189728796482086,
        -0.18968893587589264,
        -0.3854079842567444,
        0.2031957060098648,
        -1.135209083557129,
        0.34494930505752563,
        0.7718672752380371,
        0.05236496776342392,
        0.03317692130804062,
        -0.3017876148223877,
        -0.4560934007167816,
        0.44232991337776184,
        -0.31441885232925415,
        0.2962764501571655,
        0.27241843938827515,
        -0.25942733883857727,
        -0.319367915391922,
        0.3327116072177887,
        -0.021750785410404205,
        0.3192264437675476,
        -0.010545858182013035,
        -0.09731562435626984,
        -0.5034763813018799,
        0.21695812046527863,
        -0.5493787527084351,
        -0.5388191342353821,
        -0.22210735082626343,
        0.7965853214263916,
        -0.9390629529953003,
        0.059682171791791916,
        -0.46143922209739685,
        0.11070810258388519,
        0.7352944612503052,
        -0.20530065894126892,
        0.5882977247238159,
        0.6273640990257263,
        -0.8662924766540527,
        -0.5435110330581665,
        -0.516985297203064,
        0.8658262491226196,
        -0.45590949058532715,
        0.13163776695728302,
        -0.1923433393239975,
        -0.4388071596622467,
        -0.03540626913309097,
        0.16382403671741486,
        -0.02163172885775566,
        0.2680264115333557,
        -0.5796957015991211,
        0.0231919027864933,
        1.2195788621902466,
        -0.41812998056411743,
        0.9820860028266907,
        0.16839422285556793,
        0.10962294787168503,
        -0.18888503313064575,
        -1.2085151672363281,
        0.34678348898887634,
        0.32401400804519653,
        0.09505026042461395,
        0.5136703252792358,
        -0.9829009771347046,
        -0.6603744626045227,
        -0.12344101071357727,
        -0.24938929080963135,
        -0.972957968711853,
        0.6084603071212769,
        0.9865679144859314,
        1.2238088846206665,
        -0.2195362150669098,
        -0.5291913747787476,
        0.6388893127441406,
        -0.02626371942460537,
        -0.399686723947525,
        -0.39684945344924927,
        0.12638381123542786,
        0.044331274926662445,
        -0.30012232065200806,
        0.43406978249549866,
        -0.8259365558624268,
        -0.46331316232681274,
        0.5336953997612,
        0.003938078880310059,
        0.04701884463429451,
        0.048775814473629,
        -0.5487456917762756,
        0.6817306876182556,
        0.4491936266422272,
        0.1357552409172058,
        -0.46785110235214233,
        -1.287297010421753,
        0.19501158595085144,
        -0.13433626294136047,
        -0.17942388355731964,
        1.522264003753662,
        0.011592092923820019,
        0.3582046329975128,
        0.08997029811143875,
        -0.19026975333690643,
        0.09844419360160828,
        0.02610696293413639,
        1.1989059448242188,
        -0.565417468547821,
        -0.01023266464471817,
        0.3665826916694641,
        0.6052338480949402,
        0.8822159767150879,
        -0.405617892742157,
        -0.15649035573005676,
        -0.199000746011734,
        -0.6361751556396484,
        0.746690571308136,
        -0.6767305135726929,
        -0.5558230876922607,
        -0.28604695200920105,
        0.9643936157226562,
        -0.260248064994812,
        0.048410698771476746,
        0.16225004196166992,
        0.7581536173820496,
        -0.8133493661880493,
        0.04417620971798897,
        -0.14600573480129242,
        -0.16873830556869507,
        0.0893348976969719,
        0.5572953820228577,
        -0.460508793592453,
        0.006010104902088642,
        -0.06248603016138077,
        -0.4502863883972168,
        -0.4382160007953644,
        0.5438778400421143,
        -0.3218148946762085,
        -0.39226335287094116,
        -0.21404503285884857,
        -0.5520216226577759,
        0.7444596290588379,
        -0.44390586018562317,
        0.22272329032421112,
        -0.4969903826713562,
        0.0847528874874115,
        -0.21027454733848572,
        0.6892473697662354,
        -0.04334014654159546,
        0.944671630859375,
        0.07966503500938416,
        -0.45471325516700745,
        -0.34070760011672974,
        0.23037508130073547,
        -0.10453242063522339,
        0.13710060715675354,
        -0.3643568158149719,
        0.267823189496994,
        0.09565988928079605,
        -0.34908193349838257,
        -0.24246206879615784,
        0.6777414083480835,
        -0.6020492315292358,
        0.6801796555519104,
        0.12842640280723572,
        0.16694846749305725,
        -0.3269840478897095,
        -0.20525871217250824,
        -0.5307760834693909,
        -0.15332338213920593,
        -0.15198762714862823,
        0.9351189136505127,
        -0.011823009699583054,
        -0.3675093650817871,
        -0.1416071504354477,
        0.17731542885303497,
        0.12659335136413574,
        -1.0468462705612183,
        0.9745067358016968,
        -0.11519021540880203,
        0.2611501216888428,
        0.4997578263282776,
        -0.9804733991622925,
        0.2457301765680313,
        -0.01742188073694706,
        -0.9292314648628235,
        0.18959051370620728,
        -0.6280782222747803,
        -0.058412738144397736,
        -0.34987595677375793,
        0.10792143642902374,
        -0.25401416420936584,
        0.032405268400907516,
        1.0099912881851196,
        -0.5162904858589172,
        0.5636304616928101,
        -0.7301493287086487,
        -0.07385677099227905,
        -0.7616006731987,
        -0.820876955986023,
        -1.255650281906128,
        0.7919641733169556,
        -0.4054156243801117,
        -0.29194560647010803,
        0.01846589706838131,
        -0.44641491770744324,
        0.3073939383029938,
        -0.2568807005882263,
        -0.12493155151605606,
        0.29282915592193604,
        -1.292017936706543,
        0.3279115855693817,
        0.8327515125274658,
        0.4620119333267212,
        0.02319961227476597,
        -0.0701000764966011,
        -0.000743914395570755,
        -0.7636415958404541,
        0.540822446346283,
        0.3797585070133209,
        0.3143863081932068,
        -0.04014952480792999,
        -0.4015112519264221,
        0.29680460691452026,
        0.17275722324848175,
        0.13199345767498016,
        0.15278613567352295,
        -0.19654211401939392,
        -0.41923969984054565,
        -0.4482254981994629,
        0.3975938558578491,
        0.5157029628753662,
        1.3526647090911865,
        -0.021009953692555428,
        -1.0582282543182373,
        -0.37015026807785034,
        0.98142009973526,
        0.16183604300022125,
        0.693954586982727,
        0.2702099084854126,
        -0.13309428095817566,
        0.10969258844852448,
        0.3644769489765167,
        -0.2820616364479065,
        0.031222408637404442,
        -0.33414793014526367,
        0.2757094204425812,
        0.14615307748317719,
        0.31947004795074463,
        -0.6723084449768066,
        -0.25272172689437866,
        0.1862242966890335,
        -0.5623045563697815,
        0.5014634132385254,
        -1.5209975242614746,
        0.4357897937297821,
        -0.2924039661884308,
        0.44137337803840637,
        -0.05944568291306496,
        1.0797901153564453,
        0.21859154105186462,
        0.3332257866859436,
        -0.4201418161392212,
        0.4547201991081238,
        0.3015432357788086,
        0.12055757641792297,
        0.23258498311042786,
        0.34370899200439453,
        -0.06500470638275146,
        0.8793554306030273,
        0.01316650677472353,
        0.785909116268158,
        -0.44849857687950134,
        0.11324821412563324,
        0.2918504476547241,
        0.39004069566726685,
        -0.3340905010700226,
        -0.5117113590240479,
        -0.5061647295951843,
        0.4165806174278259,
        0.5962855219841003,
        0.7337913513183594,
        0.10721244663000107,
        -0.3269321620464325,
        -0.23181883990764618,
        -0.34123581647872925,
        0.3693564832210541,
        -0.4103900194168091,
        0.1692344695329666,
        -0.19817876815795898,
        0.05147024244070053,
        9.799189865589142e-05,
        0.01767393946647644,
        -0.33940818905830383,
        -0.2931601405143738,
        -0.37253454327583313,
        -0.40852653980255127,
        0.4021926522254944,
        -0.11518128216266632,
        -0.36500224471092224,
        -0.33436456322669983,
        0.7680185437202454,
        -0.11117373406887054,
        -0.9909796118736267,
        -0.4343830347061157,
        -0.08622713387012482,
        0.06652286648750305,
        -0.7156938314437866,
        -0.29600173234939575,
        -0.12781141698360443,
        0.11559659242630005,
        0.854753851890564,
        0.3879658579826355,
        -0.19944922626018524,
        0.4987001121044159,
        0.3239939212799072,
        -0.00644683837890625,
        -0.48932287096977234,
        0.5658223032951355,
        -0.1446535885334015,
        0.43581268191337585,
        -0.29315274953842163,
        0.1229279488325119,
        -0.3962588608264923,
        -0.5413145422935486,
        0.12495221942663193,
        -0.7756074070930481,
        -0.5563245415687561,
        -0.0838102251291275,
        0.6905785202980042,
        -0.30237993597984314,
        0.5740089416503906,
        0.09673916548490524,
        -0.7036892175674438,
        0.3023751676082611,
        -0.0925370380282402,
        -0.940331220626831,
        -0.0794486254453659,
        0.370419442653656,
        -0.012718040496110916,
        -0.07927140593528748,
        -0.2710953652858734,
        0.25599491596221924,
        -0.25233224034309387,
        0.3542807400226593,
        -0.3086690604686737,
        0.6712417006492615,
        -0.4384750425815582,
        -0.014462852850556374,
        -0.4822854995727539,
        -0.23477880656719208,
        0.6486290097236633,
        0.709642231464386,
        0.24467501044273376,
        -0.05162525549530983,
        -0.32938259840011597,
        -0.10605397820472717,
        0.19192203879356384,
        -0.029532162472605705,
        0.5814298987388611,
        0.1273062527179718,
        -0.1607239544391632,
        -0.2693355977535248,
        -0.5891350507736206,
        0.18224167823791504,
        0.7018843293190002,
        0.2822343409061432,
        -0.44192808866500854,
        -0.3656066954135895,
        0.6157759428024292,
        -0.3966716527938843,
        0.1504662036895752,
        -0.09587184339761734,
        -0.004109945148229599,
        0.04538804292678833,
        -0.001978270709514618,
        -0.197024866938591,
        -0.26156866550445557,
        -0.23278102278709412,
        0.26369091868400574,
        -0.312564879655838,
        0.06717123091220856,
        -0.45041200518608093,
        0.29369455575942993,
        -0.7642956376075745,
        0.1413555145263672,
        -0.30518507957458496,
        -0.5518714189529419,
        -0.5375718474388123,
        -0.20800171792507172,
        -0.2566846013069153,
        0.42254185676574707,
        0.8857040405273438,
        -0.7842041850090027,
        0.7937936782836914,
        -0.29853886365890503,
        0.05294148251414299,
        -0.5806713700294495,
        0.7588794231414795,
        -0.376227468252182,
        1.3298364877700806,
        -0.4660552740097046,
        -0.2514321208000183,
        0.5002404451370239,
        -0.12866848707199097,
        0.07192546874284744,
        0.30307698249816895,
        0.28376320004463196,
        0.4663694202899933,
        0.6111152768135071,
        1.474018931388855,
        -0.03274167701601982,
        -0.6929380297660828,
        -0.7230023145675659,
        0.5988290905952454,
        0.05143789201974869,
        0.12588532269001007,
        -0.578233003616333,
        0.9120749235153198,
        0.2907654643058777,
        -0.32157260179519653,
        -0.15398243069648743,
        -0.1608397215604782,
        1.0582191944122314,
        0.6743497848510742,
        -0.6020647883415222,
        0.2814050018787384,
        -0.14095883071422577,
        0.029165931046009064,
        -0.0761009007692337,
        -0.047739721834659576,
        1.2291573286056519,
        -0.33228081464767456,
        0.4958856701850891,
        -0.8394684791564941,
        -0.6493906378746033,
        -0.11306300014257431,
        0.6487046480178833,
        -0.8305498361587524,
        0.18499259650707245,
        -1.0435595512390137,
        0.042258910834789276,
        -0.02395186759531498,
        0.25492018461227417,
        -0.02944754995405674,
        -0.4596569836139679,
        0.2341827154159546,
        -0.07012762874364853,
        -0.04482247680425644,
        0.4422701597213745,
        -0.16893619298934937,
        -0.3754478096961975,
        -0.3461083173751831,
        -0.2753245532512665,
        -0.5696188807487488,
        -0.2691238522529602,
        0.09469401836395264,
        1.210876703262329,
        0.8185552358627319,
        -0.9185239672660828,
        1.0913269519805908,
        -0.21469026803970337,
        -0.29302141070365906,
        0.5977482199668884,
        0.22020363807678223,
        -0.28504040837287903,
        0.03542313724756241,
        0.13854198157787323,
        -0.09374404698610306,
        -0.32117313146591187,
        1.0084956884384155,
        0.13439621031284332,
        -0.17307758331298828,
        -0.8023069500923157,
        0.3004906177520752,
        -0.03044821321964264,
        0.824442982673645,
        -0.23634390532970428,
        -0.01721920631825924,
        0.23189842700958252,
        -0.3261176645755768,
        0.26556795835494995,
        -0.6667503714561462,
        0.030161723494529724,
        -0.46314138174057007,
        -0.17511694133281708,
        0.4324278235435486,
        -0.6493598818778992,
        -0.3530358672142029,
        0.9181547164916992,
        -0.534683346748352,
        0.35404568910598755,
        -0.18767030537128448,
        0.06940516829490662,
        0.11041295528411865,
        0.24214451014995575,
        -0.43295395374298096,
        -0.4707186818122864,
        -1.7774522304534912,
        0.20591171085834503,
        1.1087077856063843,
        -0.07860404253005981,
        -0.4514610469341278,
        0.44601961970329285,
        0.13255372643470764,
        -0.21835072338581085,
        -0.4450286030769348,
        -0.34947866201400757,
        0.3341310918331146,
        -0.12251543998718262,
        -0.41038551926612854,
        0.014799002557992935,
        1.3096674680709839,
        -0.25272971391677856,
        0.5420066118240356,
        -0.07061125338077545,
        -0.9179310202598572,
        -0.7653226852416992,
        -0.9216577410697937,
        -1.3327096700668335,
        -1.218448519706726,
        0.23413535952568054,
        -0.8396888375282288,
        -0.15393561124801636,
        -0.12407754361629486,
        -0.33066216111183167,
        0.14636512100696564
    ]
}